"回合","期间","类别","币种","指标","当时估计值(%)","实际值(%)","误差=实际-估计(pp)","绝对误差(pp)","来源"
"1","2026-01-01/2026-06-30","政府债券期末收益率","USD","3个月","4.46","5.25","0.79","0.79","CESIM-R2-ECON-2026-10-09"
"1","2026-01-01/2026-06-30","政府债券期末收益率","USD","2年","4.46","5.23","0.77","0.77","CESIM-R2-ECON-2026-10-09"
"1","2026-01-01/2026-06-30","政府债券期末收益率","USD","5年","4.49","5.23","0.74","0.74","CESIM-R2-ECON-2026-10-09"
"1","2026-01-01/2026-06-30","政府债券期末收益率","USD","10年","4.53","5.22","0.69","0.69","CESIM-R2-ECON-2026-10-09"
"1","2026-01-01/2026-06-30","政府债券期末收益率","GBP","3个月","4.04","4.81","0.77","0.77","CESIM-R2-ECON-2026-10-09"
"1","2026-01-01/2026-06-30","政府债券期末收益率","GBP","2年","4.05","4.81","0.76","0.76","CESIM-R2-ECON-2026-10-09"
"1","2026-01-01/2026-06-30","政府债券期末收益率","GBP","5年","4.06","4.79","0.73","0.73","CESIM-R2-ECON-2026-10-09"
"1","2026-01-01/2026-06-30","政府债券期末收益率","GBP","10年","4.06","4.76","0.7","0.7","CESIM-R2-ECON-2026-10-09"
"1","2026-01-01/2026-06-30","政府债券期末收益率","EUR","3个月","1.65","1.81","0.16","0.16","CESIM-R2-ECON-2026-10-09"
"1","2026-01-01/2026-06-30","政府债券期末收益率","EUR","2年","1.73","1.92","0.19","0.19","CESIM-R2-ECON-2026-10-09"
"1","2026-01-01/2026-06-30","政府债券期末收益率","EUR","5年","1.79","1.97","0.18","0.18","CESIM-R2-ECON-2026-10-09"
"1","2026-01-01/2026-06-30","政府债券期末收益率","EUR","10年","1.86","2","0.14","0.14","CESIM-R2-ECON-2026-10-09"
"1","2026-01-01/2026-06-30","政府债券期末收益率","CHF","3个月","3.31","3.86","0.55","0.55","CESIM-R2-ECON-2026-10-09"
"1","2026-01-01/2026-06-30","政府债券期末收益率","CHF","2年","3.42","4.12","0.7","0.7","CESIM-R2-ECON-2026-10-09"
"1","2026-01-01/2026-06-30","政府债券期末收益率","CHF","5年","3.55","4.27","0.72","0.72","CESIM-R2-ECON-2026-10-09"
"1","2026-01-01/2026-06-30","政府债券期末收益率","CHF","10年","3.7","4.43","0.73","0.73","CESIM-R2-ECON-2026-10-09"
"1","2026-01-01/2026-06-30","政府债券期末收益率","JPY","3个月","0.64","1.42","0.78","0.78","CESIM-R2-ECON-2026-10-09"
"1","2026-01-01/2026-06-30","政府债券期末收益率","JPY","2年","0.87","1.75","0.88","0.88","CESIM-R2-ECON-2026-10-09"
"1","2026-01-01/2026-06-30","政府债券期末收益率","JPY","5年","1.04","1.97","0.93","0.93","CESIM-R2-ECON-2026-10-09"
"1","2026-01-01/2026-06-30","政府债券期末收益率","JPY","10年","1.23","2.2","0.97","0.97","CESIM-R2-ECON-2026-10-09"
"1","2026-01-01/2026-06-30","公司债信用利差","USD","投资级","1.31","1.12","-0.19","0.19","CESIM-R2-ECON-2026-10-09"
"1","2026-01-01/2026-06-30","公司债信用利差","USD","高收益","4.68","4.37","-0.31","0.31","CESIM-R2-ECON-2026-10-09"
"1","2026-01-01/2026-06-30","公司债信用利差","GBP","投资级","2.28","1.36","-0.92","0.92","CESIM-R2-ECON-2026-10-09"
"1","2026-01-01/2026-06-30","公司债信用利差","GBP","高收益","7.33","6.6","-0.73","0.73","CESIM-R2-ECON-2026-10-09"
"1","2026-01-01/2026-06-30","公司债信用利差","EUR","投资级","-0.94","1.36","2.3","2.3","CESIM-R2-ECON-2026-10-09"
"1","2026-01-01/2026-06-30","公司债信用利差","EUR","高收益","3.41","4.18","0.77","0.77","CESIM-R2-ECON-2026-10-09"
"1","2026-01-01/2026-06-30","公司债信用利差","CHF","投资级","1.49","0.53","-0.96","0.96","CESIM-R2-ECON-2026-10-09"
"1","2026-01-01/2026-06-30","公司债信用利差","CHF","高收益","1.4","3.38","1.98","1.98","CESIM-R2-ECON-2026-10-09"
"1","2026-01-01/2026-06-30","公司债信用利差","JPY","投资级","3.34","4.96","1.62","1.62","CESIM-R2-ECON-2026-10-09"
"1","2026-01-01/2026-06-30","公司债信用利差","JPY","高收益","4.54","6.46","1.92","1.92","CESIM-R2-ECON-2026-10-09"
"1","2026-01-01/2026-06-30","股票因子回报","USD","无风险利率","2.08","2.16","0.08","0.08","CESIM-R2-ECON-2026-10-09"
"1","2026-01-01/2026-06-30","股票因子回报","USD","超额市场回报","-0.52","-1.87","-1.35","1.35","CESIM-R2-ECON-2026-10-09"
"1","2026-01-01/2026-06-30","股票因子回报","USD","价值因子","3","4.28","1.28","1.28","CESIM-R2-ECON-2026-10-09"
"1","2026-01-01/2026-06-30","股票因子回报","USD","动量因子","0.83","-0.8","-1.63","1.63","CESIM-R2-ECON-2026-10-09"
"1","2026-01-01/2026-06-30","股票因子回报","USD","稳健因子","0.53","0.68","0.15","0.15","CESIM-R2-ECON-2026-10-09"
"1","2026-01-01/2026-06-30","股票因子回报","GBP","无风险利率","2.2","2.05","-0.15","0.15","CESIM-R2-ECON-2026-10-09"
"1","2026-01-01/2026-06-30","股票因子回报","GBP","超额市场回报","0.4","1.02","0.62","0.62","CESIM-R2-ECON-2026-10-09"
"1","2026-01-01/2026-06-30","股票因子回报","GBP","价值因子","0.58","1.98","1.4","1.4","CESIM-R2-ECON-2026-10-09"
"1","2026-01-01/2026-06-30","股票因子回报","GBP","动量因子","3.05","3","-0.05","0.05","CESIM-R2-ECON-2026-10-09"
"1","2026-01-01/2026-06-30","股票因子回报","GBP","稳健因子","-0.08","0.33","0.41","0.41","CESIM-R2-ECON-2026-10-09"
"1","2026-01-01/2026-06-30","股票因子回报","EUR","无风险利率","0.15","0.48","0.33","0.33","CESIM-R2-ECON-2026-10-09"
"1","2026-01-01/2026-06-30","股票因子回报","EUR","超额市场回报","2.76","4.44","1.68","1.68","CESIM-R2-ECON-2026-10-09"
"1","2026-01-01/2026-06-30","股票因子回报","EUR","价值因子","1.37","3.11","1.74","1.74","CESIM-R2-ECON-2026-10-09"
"1","2026-01-01/2026-06-30","股票因子回报","EUR","动量因子","6.83","7.85","1.02","1.02","CESIM-R2-ECON-2026-10-09"
"1","2026-01-01/2026-06-30","股票因子回报","EUR","稳健因子","-0.35","-0.03","0.32","0.32","CESIM-R2-ECON-2026-10-09"
"1","2026-01-01/2026-06-30","股票因子回报","CHF","无风险利率","0.99","1.54","0.55","0.55","CESIM-R2-ECON-2026-10-09"
"1","2026-01-01/2026-06-30","股票因子回报","CHF","超额市场回报","1.04","0.83","-0.21","0.21","CESIM-R2-ECON-2026-10-09"
"1","2026-01-01/2026-06-30","股票因子回报","CHF","价值因子","-0.79","-0.38","0.41","0.41","CESIM-R2-ECON-2026-10-09"
"1","2026-01-01/2026-06-30","股票因子回报","CHF","动量因子","2.36","2","-0.36","0.36","CESIM-R2-ECON-2026-10-09"
"1","2026-01-01/2026-06-30","股票因子回报","CHF","稳健因子","-0.78","-0.56","0.22","0.22","CESIM-R2-ECON-2026-10-09"
"1","2026-01-01/2026-06-30","股票因子回报","JPY","无风险利率","0.03","0.53","0.5","0.5","CESIM-R2-ECON-2026-10-09"
"1","2026-01-01/2026-06-30","股票因子回报","JPY","超额市场回报","-8.99","-12.46","-3.47","3.47","CESIM-R2-ECON-2026-10-09"
"1","2026-01-01/2026-06-30","股票因子回报","JPY","价值因子","4.41","8.72","4.31","4.31","CESIM-R2-ECON-2026-10-09"
"1","2026-01-01/2026-06-30","股票因子回报","JPY","动量因子","-2.17","-5.71","-3.54","3.54","CESIM-R2-ECON-2026-10-09"
"1","2026-01-01/2026-06-30","股票因子回报","JPY","稳健因子","-0.03","1.29","1.32","1.32","CESIM-R2-ECON-2026-10-09"
"1","2026-01-01/2026-06-30","股票行业总回报","","医疗","-1.15","-2.72","-1.57","1.57","CESIM-R2-ECON-2026-10-09"
"1","2026-01-01/2026-06-30","股票行业总回报","","金融","-0.12","-0.87","-0.75","0.75","CESIM-R2-ECON-2026-10-09"
"1","2026-01-01/2026-06-30","股票行业总回报","","科技","-5.79","-8.35","-2.56","2.56","CESIM-R2-ECON-2026-10-09"
"1","2026-01-01/2026-06-30","股票行业总回报","","消费周期性行业","-1.41","-1.56","-0.15","0.15","CESIM-R2-ECON-2026-10-09"
"1","2026-01-01/2026-06-30","股票行业总回报","","消费非周期性行业","5.14","-3.07","-8.21","8.21","CESIM-R2-ECON-2026-10-09"
"1","2026-01-01/2026-06-30","股票行业总回报","","能源","0.54","0.66","0.12","0.12","CESIM-R2-ECON-2026-10-09"
"1","2026-01-01/2026-06-30","股票行业总回报","","工业","4.49","8.3","3.81","3.81","CESIM-R2-ECON-2026-10-09"
"1","2026-01-01/2026-06-30","股票行业总回报","","基础材料","-0.74","-0.23","0.51","0.51","CESIM-R2-ECON-2026-10-09"
"1","2026-01-01/2026-06-30","另类投资板块回报","USD","整体","5.18","7.11","1.93","1.93","CESIM-R2-ECON-2026-10-09"
