"回合","记录日","指标","地区或币种","单位","网站本回合预期","来源与状态"
"1","2026-10-09","GDP（过去12个月）","美国","USD万亿","13.49","回合1存档值；事后补录，不纳入预测评分"
"1","2026-10-09","GDP（过去12个月）","英国","USD万亿","2.58","回合1存档值；事后补录，不纳入预测评分"
"1","2026-10-09","GDP（过去12个月）","欧元区","USD万亿","10.56","回合1存档值；事后补录，不纳入预测评分"
"1","2026-10-09","GDP（过去12个月）","瑞士","USD万亿","0.42","回合1存档值；事后补录，不纳入预测评分"
"1","2026-10-09","GDP（过去12个月）","日本","USD万亿","4.69","回合1存档值；事后补录，不纳入预测评分"
"1","2026-10-09","通胀率（同比）","美国","%","1.69","回合1存档值；事后补录，不纳入预测评分"
"1","2026-10-09","通胀率（同比）","英国","%","1.32","回合1存档值；事后补录，不纳入预测评分"
"1","2026-10-09","通胀率（同比）","欧元区","%","0.42","回合1存档值；事后补录，不纳入预测评分"
"1","2026-10-09","通胀率（同比）","瑞士","%","1","回合1存档值；事后补录，不纳入预测评分"
"1","2026-10-09","通胀率（同比）","日本","%","1.35","回合1存档值；事后补录，不纳入预测评分"
"1","2026-10-09","失业率","美国","%","4.6","回合1存档值；事后补录，不纳入预测评分"
"1","2026-10-09","失业率","英国","%","2.9","回合1存档值；事后补录，不纳入预测评分"
"1","2026-10-09","失业率","欧元区","%","4.13","回合1存档值；事后补录，不纳入预测评分"
"1","2026-10-09","失业率","瑞士","%","3.39","回合1存档值；事后补录，不纳入预测评分"
"1","2026-10-09","失业率","日本","%","8.6","回合1存档值；事后补录，不纳入预测评分"
"1","2026-10-09","消费者信心指数","美国","指数","106.6","回合1存档值；事后补录，不纳入预测评分"
"1","2026-10-09","消费者信心指数","英国","指数","-5.5","回合1存档值；事后补录，不纳入预测评分"
"1","2026-10-09","消费者信心指数","欧元区","指数","48.3","回合1存档值；事后补录，不纳入预测评分"
"1","2026-10-09","消费者信心指数","瑞士","指数","1.3","回合1存档值；事后补录，不纳入预测评分"
"1","2026-10-09","消费者信心指数","日本","指数","-9.63","回合1存档值；事后补录，不纳入预测评分"
"1","2026-10-09","商业信心指数","美国","指数","53.6","回合1存档值；事后补录，不纳入预测评分"
"1","2026-10-09","商业信心指数","英国","指数","-2","回合1存档值；事后补录，不纳入预测评分"
"1","2026-10-09","商业信心指数","欧元区","指数","1.8","回合1存档值；事后补录，不纳入预测评分"
"1","2026-10-09","商业信心指数","瑞士","指数","22.01","回合1存档值；事后补录，不纳入预测评分"
"1","2026-10-09","商业信心指数","日本","指数","3.8","回合1存档值；事后补录，不纳入预测评分"
"1","2026-10-09","汇率：1 USD =","GBP","GBP","0.55","回合1存档值；事后补录，不纳入预测评分"
"1","2026-10-09","汇率：1 USD =","EUR","EUR","0.8","回合1存档值；事后补录，不纳入预测评分"
"1","2026-10-09","汇率：1 USD =","CHF","CHF","1.25","回合1存档值；事后补录，不纳入预测评分"
"1","2026-10-09","汇率：1 USD =","100JPY","100JPY","1.16","回合1存档值；事后补录，不纳入预测评分"
