category,group,name,key,currency,amount,local_return_pct,return_pct,pnl_musd,contribution_pp,2026-01,2026-02,2026-03,2026-04,2026-05,2026-06
股票,医疗,Johnson & Johnson 强生,Johnson & Johnson 强生,USD,3.2,-7.6669570476509685,-7.6669570476509685,-0.245342625524831,-0.08921550019084763,2.0913337968822887,0.5091456757045698,0.3376003510302761,-4.933161263974306,-3.819460023900656,-1.9194900096593082
股票,医疗,GlaxoSmithKline Pharmaceuticals Limited 葛兰素史克公司,GlaxoSmithKline Pharmaceuticals Limited 葛兰素史克公司,GBP,2.15,-5.608523557515399,-0.7133408643493211,-0.015336828583510402,-0.005577028575821964,5.5750341274406034,-0.968053731356211,-3.129809910981962,-0.43302354535409426,6.213205980397163,-7.302000098002315
股票,医疗,Ucb SA 优时比公司,Ucb SA 优时比公司,EUR,1.57,19.77530492539572,25.927164823372586,0.40705648772694963,0.14802054099161804,3.7964132673359297,1.0099374589089827,8.875000556960888,4.477779987418318,6.479502356641698,-0.8358124641660414
股票,医疗,Eli Lilly And Company 礼来公司,Eli Lilly And Company 礼来公司,USD,1.0,-4.440049286932501,-4.440049286932501,-0.04440049286932501,-0.01614563377066364,2.8504813650688465,-1.8302727782721462,3.9808829629102593,-10.079520772419404,0.4929250263625784,0.7266529770475705
股票,医疗,"Merck & Co., Inc. 默克公司","Merck & Co., Inc. 默克公司",USD,1.0,-1.1311459480230268,-1.1311459480230268,-0.011311459480230268,-0.0041132579928110065,2.7914264746582207,-1.1021327212855203,2.7067355531924964,-4.085426053695507,1.7813384632452411,-3.001728367449552
股票,医疗,Pfizer Inc. 辉瑞公司,Pfizer Inc. 辉瑞公司,USD,1.0,1.62420110454915,1.62420110454915,0.0162420110454915,0.005906185834724182,2.07975412643433,1.0217153893125497,5.051686884472417,-5.291356199140573,2.434269657331356,-3.3048109373809087
股票,医疗,Abbott Laboratories 雅培公司,Abbott Laboratories 雅培公司,USD,1.0,-5.43370245894903,-5.43370245894903,-0.0543370245894903,-0.019758918032541928,3.3325388038851544,6.809156289294682,5.997444666306784,-5.177764932092954,-4.150969583431485,-11.059924456164705
股票,医疗,Roche Holding AG 罗氏公司,Roche Holding AG 罗氏公司,CHF,1.0,26.520157195803897,33.6041133899841,0.336041133899841,0.12219677596357854,10.719852353020665,-3.9547320492558935,1.1677533530553452,4.658945240645673,14.187942686103284,3.9153372145532606
股票,医疗,Novartis AG 诺华公司,Novartis AG 诺华公司,CHF,1.0,15.117913648796687,21.56344988213721,0.2156344988213721,0.07841254502595349,0.3387152776588076,-2.7153854949889755,7.227865821801616,12.184509311399673,4.465099445770626,-0.8988849175039615
股票,医疗,Sanofi SA 赛诺菲公司,Sanofi SA 赛诺菲公司,EUR,1.0,1.654449337420938,6.8755917984592685,0.06875591798459268,0.02500215199439734,2.6817616936171795,-3.4958716640297482,4.091809159877613,-0.04598522331302757,2.4598072213928956,1.1740173445225377
股票,医疗,Smith & Nephew plc 史密斯医疗公司,Smith & Nephew plc 史密斯医疗公司,GBP,0.59,8.88621735920272,14.533103570012983,0.0857453110630766,0.031180113113846036,10.23733212431599,3.8168283016388305,0.4285596288233773,8.404579410931468,-5.185406662634184,-3.048500864293968
股票,金融,UniCredit SpA 联合信贷银行,UniCredit SpA 联合信贷银行,EUR,10.9,9.561440604207917,15.188699355395553,1.6555682297381153,0.6020248108138602,4.774359345397894,2.233055206224699,8.555012546004681,-5.536640050621999,13.167213229858522,-7.33203443097965
股票,金融,ING Groep NV 荷兰国际集团,ING Groep NV 荷兰国际集团,EUR,3.0,14.40970404134234,20.28597770785252,0.6085793312355756,0.22130157499475475,5.023856491294998,0.1660297686869816,5.770100693859681,3.070577476510117,5.25648813400148,-0.35395226773692334
股票,金融,Swiss Re AG 瑞士再保险,Swiss Re AG 瑞士再保险,CHF,1.0,5.893619121908711,11.822680353961012,0.11822680353961011,0.04299156492349459,8.5692088895849,-0.409781216156746,3.1099893598270034,10.47669103124893,-0.33971647301203056,-8.901123717560521
股票,金融,Credit Suisse Group AG 瑞士信贷集团,Credit Suisse Group AG 瑞士信贷集团,CHF,1.0,1.9389306907569237,7.646566023341239,0.07646566023341239,0.02780569463033178,7.897476813647697,-0.33448088567142875,3.8054441580916754,7.108896925174091,5.58282010543909,-14.728280083316104
股票,金融,Banco Santander SA 桑坦德银行,Banco Santander SA 桑坦德银行,EUR,1.0,17.11947310261779,23.13492503823127,0.2313492503823127,0.0841270001390228,5.880592263778084,3.1172156337121004,11.70174878133099,6.53673897161835,6.224520683873314,-10.7826007641588
股票,金融,Deutsche Bank AG 德意志银行,Deutsche Bank AG 德意志银行,EUR,1.0,14.36087263383965,20.234638237625504,0.20234638237625505,0.07358050268227456,5.874614324033067,0.3334653515222774,7.117499416235851,2.8520907264952378,5.617539422470341,-2.7292304364709308
股票,金融,Societe Generale SA 法国兴业银行,Societe Generale SA 法国兴业银行,EUR,1.0,25.08793993556051,31.512665649174167,0.31512665649174165,0.11459151145154242,6.626624618659305,7.380783647597555,14.603402154156186,0.020668604642604116,1.9356752353832718,-1.6981067184871024
股票,金融,JPMorgan Chase & Co. 摩根大通,JPMorgan Chase & Co. 摩根大通,USD,0.5,-0.7799224758137213,-0.7799224758137213,-0.0038996123790686066,-0.001418040865115857,-0.5203947388992103,5.387866939681563,3.6341576465341863,6.5536094830275005,-2.5604371078343013,-12.043390612792503
股票,金融,Bank Of America Corporation 美国银行,Bank Of America Corporation 美国银行,USD,0.5,-9.098047389883135,-9.098047389883135,-0.045490236949415674,-0.016541904345242064,-0.07751414787268152,5.368473291458686,-2.266287282448276,0.5048907954034343,-2.348240100127319,-9.990649665671336
股票,金融,Wells Fargo & Company 富国银行,Wells Fargo & Company 富国银行,USD,0.5,-2.6163396518633086,-2.6163396518633086,-0.013081698259316543,-0.004756981185206016,2.318285530548625,4.126286447498573,-0.1740449472272254,-0.28285934863904183,-2.287126298449238,-6.026071334719885
股票,金融,American Express Company 美国运通,American Express Company 美国运通,USD,0.5,4.45093337530027,4.45093337530027,0.02225466687650135,0.008092606136909581,8.127656667725791,-0.11047125309564532,-1.943520688348932,4.4409200935776605,1.6508893423208049,-7.103917023833661
股票,金融,Citigroup Inc. 花旗集团,Citigroup Inc. 花旗集团,USD,0.5,-17.35429605615485,-17.35429605615485,-0.08677148028077425,-0.031553265556645185,1.305964807747273,-1.7123265642968732,-0.3593287276060231,-5.7312457944057265,-2.094299143072764,-9.744470577680243
股票,金融,Barclays PLC 巴克莱银行,Barclays PLC 巴克莱银行,GBP,0.5,-4.688744329522998,0.25413851124214126,0.0012706925562107063,0.0004620700204402568,0.46085195549223634,1.9894956829973554,3.4048328078600365,9.847870899763556,1.2860875609905564,-14.951289731163996
股票,金融,Standard Chartered PLC 渣打银行,Standard Chartered PLC 渣打银行,GBP,0.5,-0.13028234176138964,5.049004304420879,0.025245021522104394,0.009180007826219779,8.218545087394924,-0.7523898968248011,2.726054817086143,3.734558845038194,0.9001216432972914,-9.034978142470806
股票,金融,Zurich Insurance Group AG 苏黎世保险集团,Zurich Insurance Group AG 苏黎世保险集团,CHF,0.5,5.273903667385116,11.168266577604747,0.05584133288802374,0.02030593923200863,10.138651708488332,-1.6150731562383558,8.630697512908302,5.911970025257829,-0.40856464362770684,-10.464986147639156
股票,金融,UBS Group AG 瑞银集团,UBS Group AG 瑞银集团,CHF,0.5,10.462120446328239,16.6469754109567,0.0832348770547835,0.03026722801992127,8.815435798561232,-0.6622803271723043,4.645803045848873,8.038408978472722,5.8048154759634985,-9.788197386536101
股票,科技,Microsoft Corporation 微软公司,Microsoft Corporation 微软公司,USD,3.0,-13.816821669242751,-13.816821669242751,-0.41450465007728254,-0.1507289636644664,-1.3111008291018633,-0.12951618428544975,-5.573563134887493,0.08541277775977463,-1.4502174876607432,-6.114831313576996
股票,科技,Intel Corporation 英特尔公司,Intel Corporation 英特尔公司,USD,3.0,-28.472514477614773,-28.472514477614773,-0.8541754343284432,-0.31060924884670665,-11.262586311266997,-11.314709866818507,3.494380081211945,-0.1882019433864901,-10.2177153720442,-2.0001748001669095
股票,科技,Telecom Italia SpA 意大利电信公司,Telecom Italia SpA 意大利电信公司,EUR,2.0,12.851103450705326,18.64732478525546,0.3729464957051092,0.1356169075291306,0.45512178867095354,-8.83499918173637,14.204719763090324,5.935341359151725,8.882083828787923,-1.6495437806752777
股票,科技,BT Group plc 英国电信集团,BT Group plc 英国电信集团,GBP,1.0,4.7341047314100715,10.165660589929137,0.10165660589929137,0.036966038508833225,4.853258642931513,2.134638633475605,2.4374094794073597,2.575714224255421,2.2405443381141366,-4.244227451665672
股票,科技,Halma Public Limited Company 豪迈公司,Halma Public Limited Company 豪迈公司,GBP,1.0,5.705499125535196,11.18743191643814,0.1118743191643814,0.040681570605229596,0.11739094839826603,1.7361218009514623,9.823851754080671,4.788600474546234,1.356112157022027,-6.414116840282791
股票,周期性消费,The Walt Disney Company 沃尔特迪士尼公司,The Walt Disney Company 沃尔特迪士尼公司,USD,1.32,-8.039693595762232,-8.039693595762232,-0.10612395546406146,-0.03859052925965872,5.550210334065397,-2.335186696290714,0.13944254950288837,4.132780130170599,-4.4799026200806,-10.439647749639903
股票,周期性消费,"Lowe's Companies, Inc. 劳氏公司","Lowe's Companies, Inc. 劳氏公司",USD,1.26,1.0771385282484003,1.0771385282484003,0.013571945455929844,0.004935252893065398,-2.8635209576860388,1.3018894144525062,-1.5754842954206594,6.674940701154042,12.129684688658404,-12.7497383201713
股票,周期性消费,Bayerische Motoren Werke AG 宝马公司,Bayerische Motoren Werke AG 宝马公司,EUR,1.0,22.008430139120616,28.2749870813507,0.282749870813507,0.10281813484127528,7.6341042837317685,-0.5351340030797513,4.420610573728578,5.630114343229309,9.60991504243307,-0.8943173497811596
股票,周期性消费,Continental AG 大陆集团,Continental AG 大陆集团,EUR,1.0,23.40615199133136,29.74449826456338,0.2974449826456338,0.10816181187113956,8.360984604340471,8.173300960789454,6.727158318392679,3.656814626231464,2.9477180296765937,-2.813398331534922
股票,周期性消费,Target Corporation 塔吉特公司,Target Corporation 塔吉特公司,USD,0.97,1.072043742491391,1.072043742491391,0.010398824302166492,0.0037813906553332698,-5.758831277215338,0.35078239169932246,0.8914441117803484,0.9604757559759758,5.748609837084828,-0.782283467806566
股票,周期性消费,McDonald's Corporation 麦当劳,McDonald's Corporation 麦当劳,USD,0.74,-1.0753545962410294,-1.0753545962410294,-0.007957624012183617,-0.0028936814589758607,-6.899109717633467,3.1432417177710503,8.564387289111242,-1.6898620253269048,0.6823688417292084,-4.13263841368331
股票,周期性消费,Pearson PLC 培生公司,Pearson PLC 培生公司,GBP,0.71,3.787833193331225,9.17031500162009,0.06510923651150263,0.023676086004182778,3.4971744867610566,6.124631531877012,4.886242574521971,2.378695574597667,-2.4359348616883825,-5.127167361532536
股票,周期性消费,NextDecade 公司,NextDecade Corporation 下一代公司,GBP,0.54,49.975009861109434,57.752778578678466,0.31186500432486375,0.11340545611813228,1.5995839535296597,20.925086890898868,11.021786368076913,-1.30335099221921,17.5323664366126,-0.2987551681697176
股票,周期性消费,The Swatch Group SA 斯沃琪集团,The Swatch Group SA 斯沃琪集团,CHF,0.26,44.01267580013608,52.07605091273575,0.13539773237311295,0.049235539044768344,8.943606041420615,4.469498761732349,13.75259673724698,4.851712946456832,10.305463969762574,1.5630405016090032
股票,非周期性消费,General Electric Company 通用电气公司,General Electric Company 通用电气公司,USD,8.34,-8.537461265720381,-8.537461265720381,-0.7120242695610799,-0.25891791620402904,-3.7347635833865023,1.2337116145496818,-1.5702663822121932,0.4254597536692106,-3.9620035319095304,-1.136636799584001
股票,非周期性消费,British American Tobacco p.l.c 英美烟草公司,British American Tobacco p.l.c 英美烟草公司,GBP,8.0,16.713208716423544,22.766006075946187,1.821280486075695,0.6622838131184345,9.02732352606539,2.349762618438822,6.732632436881225,6.6115006437222235,4.217509290851806,-7.228630106537759
股票,非周期性消费,Nestle S.A. 雀巢公司,Nestle S.A. 雀巢公司,CHF,8.0,9.017289239304027,15.121247047262854,1.2096997637810283,0.4398908231931012,4.546858468266501,-4.6993221198257,6.161515354562441,3.357557503812547,5.6651459797711246,-0.3430929568892571
股票,非周期性消费,Tesco PLC 乐购,Tesco PLC 乐购,GBP,4.0,17.59668791133442,23.695302883079016,0.9478121153231607,0.3446589510266039,8.340465313623803,2.437622762155711,6.676977581779897,2.606779347825894,1.13430646930901,0.6833741027927775
股票,非周期性消费,Walmart Inc. 沃尔玛公司,Walmart Inc. 沃尔玛公司,USD,3.67,-3.2199664727242783,-3.2199664727242783,-0.11817276954898101,-0.04297191619962946,-5.433340332459524,2.4488017371105064,-0.790130905777997,-4.554609341850091,3.91906994322917,1.5162925090865809
股票,非周期性消费,The Procter & Gamble Company 宝洁公司,The Procter & Gamble Company 宝洁公司,USD,3.6,-7.58428998349766,-7.58428998349766,-0.27303443940591576,-0.09928525069306028,-0.9850792885957915,0.5595324675129909,1.1522844336699922,-2.59920225018202,2.352423659704672,-7.958100109421595
股票,非周期性消费,The Coca-Cola Company 可口可乐公司,The Coca-Cola Company 可口可乐公司,USD,2.96,-5.044219403155104,-5.044219403155104,-0.14930889433339106,-0.05429414339396038,-2.3852960498843445,-0.15466417981279124,1.9202966422261936,2.26422846140677,1.5949778992979669,-7.9928200888166545
股票,非周期性消费,"PepsiCo, Inc. 百事公司","PepsiCo, Inc. 百事公司",USD,2.64,5.798528264358538,5.798528264358538,0.1530811461790654,0.05566587133784196,4.681305156357185,-0.3446071423178765,4.095542547622966,-2.047482347415619,-0.5397480169848534,0.0028554257307744635
股票,非周期性消费,L'Oreal SA 欧莱雅公司,L'Oreal SA 欧莱雅公司,EUR,1.95,19.341535158883616,25.47111591648823,0.4966867603715205,0.18061336740782563,4.956167558596847,2.7095630420644,7.1023402413058045,4.868791370265235,5.423809512112832,-1.702836454963752
股票,非周期性消费,Unilever PLC 联合利华,Unilever PLC 联合利华,GBP,1.82,4.484930856854863,9.903564450734347,0.18024487300336514,0.06554359018304187,-1.4044625314064585,-0.3860927720945928,2.733924793264375,2.722499087823693,3.854663355245447,2.1007859385049787
股票,非周期性消费,Danone SA 达能公司,Danone SA 达能公司,EUR,1.19,7.268920264047374,12.778431337992902,0.15206333292211555,0.055295757426223835,3.884112719103716,-2.7702894074482565,9.081683340497925,-1.4567627186845122,5.030830666903108,-1.1031486615167174
股票,非周期性消费,Heineken NV 喜力公司,Heineken NV 喜力公司,EUR,0.87,18.618579873895126,24.71102843944628,0.21498594742318264,0.0781767081538846,2.668700835902582,-1.3069656279358077,13.246285537707102,0.8239355647420732,9.372241673323579,-1.4434330627453806
股票,非周期性消费,Jeronimo Martins SGPS SA 杰罗尼莫·马丁斯公司,Jeronimo Martins SGPS SA 杰罗尼莫·马丁斯公司,EUR,0.74,21.932972646355942,28.195653965609925,0.20864783934551345,0.0758719415801867,15.443547775318734,0.27194148156886033,8.739684199536256,5.307685019306674,2.375371120443859,-5.532898322671997
股票,非周期性消费,Pernod Ricard SA 保乐力加公司,Pernod Ricard SA 保乐力加公司,EUR,0.67,16.448029129427134,22.42899458007632,0.15027426368651137,0.054645186795095044,5.3192882010907105,-0.3920821850581624,4.3567511091267,7.462785128662874,0.7596683280066907,3.2802153133956624
股票,能源,BP p.l.c 英国石油公司,BP p.l.c 英国石油公司,GBP,10.5,-4.975262059187013,-0.047238151499273684,-0.004960005907423737,-0.0018036385117904498,7.920288060874814,-9.842710638949237,3.76315173717654,5.532348309169799,0.18143688148430925,-6.35710236206124
股票,能源,Exxon Mobil Corporation 埃克森美孚公司,Exxon Mobil Corporation 埃克森美孚公司,USD,8.96,4.19918946764013,4.19918946764013,0.3762473763005557,0.1368172277456566,4.821734567842917,-0.4233323151047297,-1.9404938863032184,6.343744736803392,-3.1361951180964964,-1.1692172996318417
股票,能源,OMV AG 奥地利石油公司,OMV AG 奥地利石油公司,EUR,8.0,3.31710529014555,8.623644540497644,0.6898915632398115,0.25086965935993144,7.07920863909226,-11.912524304812555,3.8568036579670117,5.477373662065088,10.396164144211095,-4.773722179210171
股票,能源,Harbour Energy plc 海港能源公司,Harbour Energy plc 海港能源公司,GBP,7.0,8.919625939163932,14.568244733344994,1.0197771313341495,0.37082804775787254,6.7793953239477345,-1.9721191701535634,17.979108684197232,9.542535320326252,-10.383181940222952,-5.496091764355326
股票,能源,TotalEnergies SE 道达尔能源公司,TotalEnergies SE 道达尔能源公司,EUR,5.51,15.900686345009273,21.853539355218388,1.2041300184725332,0.43786546126273934,9.872444611311115,1.782540318141046,10.901067155665478,7.8426228719620905,-5.322897835553563,-3.771226396792482
股票,能源,Chevron Corporation 雪佛龙公司,Chevron Corporation 雪佛龙公司,USD,4.02,5.360889273157499,5.360889273157499,0.21550774878093143,0.07836645410215688,8.926260391905693,-3.06190528980661,-0.2597473448321619,5.473124686780428,-3.335554845198385,-1.876435731497994
股票,能源,Repsol SA 雷普索尔公司,Repsol SA 雷普索尔公司,EUR,1.77,9.070827233922918,14.672887262218959,0.2597101045412756,0.0944400380150093,6.289032888104096,-4.969666996963995,3.8620088828749566,12.31926539939665,0.4004117849021993,-3.0688034116526097
股票,工业,BAE Systems PLC 英国航空航天系统公司,BAE Systems PLC 英国航空航天系统公司,GBP,11.0,2.583780620891818,7.903819743289886,0.8694201717618875,0.31615278973159544,2.821019146914061,16.27017020195236,0.5778393405940996,8.877569984082957,-3.92269658895239,-14.212289010342282
股票,工业,Vinci SA 万喜公司,Vinci SA 万喜公司,EUR,7.0,6.831637489479814,12.318688989086347,0.8623082292360442,0.313566628813107,4.016587768415558,-2.843911652810216,5.453425762656394,13.978096938497341,-3.988792200540503,-3.6891148104572724
股票,工业,Caterpillar Inc. 卡特彼勒公司,Caterpillar Inc. 卡特彼勒公司,USD,6.0,25.486668890218557,25.486668890218557,1.5292001334131136,0.5560727757865868,5.427852494943175,10.254984381282807,7.049345089203896,5.840011598971651,6.914925515163661,-10.880699852195896
股票,工业,The Boeing Company 波音公司,The Boeing Company 波音公司,USD,5.0,11.743447882329484,11.743447882329484,0.5871723941164742,0.2135172342241724,7.5174362073660905,8.721331927858,-5.511229695895958,10.04052269693001,-7.042972892907029,-1.0961185265220608
股票,工业,Raytheon Technologies Corporation 雷神技术公司,Raytheon Technologies Corporation 雷神技术公司,USD,3.0,10.505493176995074,10.505493176995074,0.3151647953098522,0.11460538011267352,4.160179390594099,4.840076514145641,3.178593946870234,5.213917991017247,-6.396438097180102,-0.413689036574616
股票,工业,Acciona SA 阿克西奥纳公司,Acciona SA 阿克西奥纳公司,EUR,3.0,-4.567238587483857,0.3343475804872931,0.010030427414618792,0.0036474281507704698,-0.5376523614827211,0.25842169953049776,6.526772172610595,9.757923486287968,-0.6216304204493928,-13.406848751360323
股票,工业,Schindler Holding AG 迅达公司,Schindler Holding AG 迅达公司,CHF,2.89,20.217797411687656,26.94887986922252,0.7788226282205308,0.28320822844382937,9.210307355127668,-6.4403329530561155,9.240911873937163,8.861108467013734,1.6571232210831788,2.7733923315431452
股票,工业,SGS AG 瑞士通用公证行,SGS AG 瑞士通用公证行,CHF,2.0,2.3867071597994283,8.119413824587118,0.16238827649174237,0.05905028236063359,5.473762506893642,-5.119770932477596,3.26009157488123,6.006862798119461,4.660581167654487,-5.69518022806903
股票,工业,Adecco Group AG 瑞士德科集团,Adecco Group AG 瑞士德科集团,CHF,1.0,-8.56202999684742,-3.4423511382080108,-0.03442351138208011,-0.012517640502574584,8.309498141502946,-4.773416581479051,1.5081080111434053,2.2201742226375387,0.05907989295619309,-9.8287518707475
股票,工业,Schneider Electric SE 施耐德电气公司,Schneider Electric SE 施耐德电气公司,EUR,0.98,15.960882764224738,21.9168275631594,0.21478491011896214,0.0781036036796226,12.454915068232552,-3.0995196325434016,11.17767506949663,16.549010315803493,-0.4022747242751312,-13.307069496355606
股票,工业,Union Pacific Corporation 联合太平洋公司,Union Pacific Corporation 联合太平洋公司,USD,0.92,15.742884640841059,15.742884640841059,0.14483453869573773,0.05266710498026827,3.5347599348343195,5.856102736607016,8.056409718071333,5.861717662092603,-3.084464086545635,-4.7402694125088685
股票,工业,RELX PLC 励讯集团,RELX PLC 励讯集团,GBP,0.8,17.21071009271167,23.289308088253712,0.1863144647060297,0.06775071443855625,6.122709607403065,9.787585943539723,3.01955500041029,2.196329308913314,3.0722978094040343,-2.48601049016538
股票,工业,Abb Ltd ABB公司,Abb Ltd ABB公司,CHF,0.4,31.796574940428467,39.17596162563521,0.15670384650254085,0.05698321691001486,15.513800068739503,0.8834424958506837,6.990138741259089,11.896691974528139,7.615033467896892,-7.300685464348211
股票,工业,Deere & Company 约翰迪尔公司,Deere & Company 约翰迪尔公司,USD,0.38,-9.470613310745069,-9.470613310745069,-0.035988330580831264,-0.013086665665756822,2.5415092790797678,1.1434507620614376,1.1833677243992646,2.965719490932228,-6.684799842137568,-10.216211768626804
股票,工业,Wolters Kluwer NV 威科集团,Wolters Kluwer NV 威科集团,EUR,0.33,18.487423787857836,24.57313595756705,0.08109134865997128,0.029487763149080463,5.09420364719686,0.1145944990379899,9.506453362216671,3.8499422273853057,2.8150799966817353,1.2617551186001608
股票,工业,Deutsche Lufthansa AG 德国汉莎航空公司,Deutsche Lufthansa AG 德国汉莎航空公司,EUR,0.28,-5.026583887534053,-0.14859046209413362,-0.0004160532938635742,-0.00015129210685948152,-5.207510945083216,4.021522448975601,9.909289199068617,0.041691441588431744,-1.5985937274494821,-6.407653277791447
股票,基础材料,Rio Tinto Plc 力拓公司,Rio Tinto Plc 力拓公司,GBP,2.31,19.360277053201933,25.550352518737917,0.5902131431828459,0.2146229611573985,18.07677899487117,-10.919049151801763,8.73206540257665,4.7778905982112985,1.7009960443105543,3.018708231488665
股票,基础材料,BASF SE 巴斯夫公司,BASF SE 巴斯夫公司,EUR,1.79,13.923650382500007,19.77495952052113,0.3539717754173282,0.1287170092426648,1.8382110702000354,-2.7288860619313016,6.694133180805295,2.1972687538865943,10.274468462572429,0.557989051878427
股票,基础材料,Holcim AG 豪瑞公司,Holcim AG 豪瑞公司,CHF,0.5,14.351293766733498,20.753906391832544,0.10376953195916272,0.03773437525787735,7.886761035249301,-8.456352719011683,5.099260089913482,4.592990479332548,13.712628305876052,-2.1876066044204223
股票,基础材料,AAR Corp. AAR公司,AAR Corp. AAR公司,USD,0.3,9.549530529090067,9.549530529090067,0.0286485915872702,0.010417669668098255,1.0489873942963523,7.47923836763289,4.599747493224515,2.338671969505679,-3.0325192512963173,-2.82435117540516
政府债券,美国,1 个月国债,US GVT 1M,USD,0.69,2.1644173452448845,2.1644173452448845,0.014934479682189701,0.005430719884432619,0.31260306035494345,0.31245195466675924,0.32553300008855146,0.31402957075084004,0.5382331208756641,0.34249967237567347
政府债券,美国,2 年期国债,US GVT 2Y,USD,0.69,0.6399958118933791,0.6399958118933791,0.004415971102064315,0.0016058076734779328,0.16748064937355256,0.13829736722177355,0.05430607559844258,-0.15337315131185303,0.36209149208437097,0.07020081688042801
政府债券,美国,5 年期国债,US GVT 5Y,USD,0.69,-1.8818034476131396,-1.8818034476131396,-0.012984443788530663,-0.0047216159231020585,-0.0866435791256337,-0.018712286948341372,-0.49716316023676876,-1.1175530189243776,0.13294353274944104,-0.30448256569003407
政府债券,美国,10 年期国债,US GVT 10Y,USD,0.69,-5.843857494836557,-5.843857494836557,-0.04032261671437224,-0.01466276971431718,-0.5613624828239017,0.0482518539741017,-1.5758461769436072,-3.0477468094701976,-0.09326178689688103,-0.7273508896655567
政府债券,日本,1 个月国债,JP GVT 1M,JPY,4.75,0.4755009292598311,1.6316176632876989,0.0775018390061657,0.02818248691133298,1.7786439532710308,-2.1943678920919196,1.228725790398899,-0.12219650999077958,4.346603646090008,-3.2263229723716202
政府债券,日本,2 年期国债,JP GVT 2Y,JPY,2.5,-0.15428530852185096,0.9945848191032391,0.02486462047758098,0.00904168017366581,1.9413215322385602,-2.3997446052621885,0.8171333223986998,-0.3761615088262671,4.581079276430033,-3.3623990568178885
政府债券,日本,5 年期国债,JP GVT 5Y,JPY,7.5,-1.2855279984971157,-0.1496744628972757,-0.011225584717295678,-0.004082030806289338,2.195826901196507,-2.7129449704916597,0.0970301235076354,-0.9447627062534325,5.126181605860891,-3.649995143737317
政府债券,日本,10 年期国债,JP GVT 10Y,JPY,16.4,-2.837881112371987,-1.7198896565376098,-0.282061903672168,-0.10256796497169746,2.581005466937114,-2.987334709112288,-0.9786160118406051,-2.026111077118542,6.225842596109432,-4.170168675197705
公司债券,美国,美国 IG 2Y,US IG 2Y,USD,5.22,1.339336219949483,1.339336219949483,0.069913350681363,0.02542303661140473,0.21402168643467334,0.29867496636710733,0.21078235306408732,0.0030275860311901326,0.33423189266170716,0.27152893128015165
公司债券,美国,美国 IG 5Y,US IG 5Y,USD,1.65,-0.979873449523283,-0.979873449523283,-0.01616791191713417,-0.005879240697139698,-0.09773382548646792,0.2477569123224166,-0.22840888222869227,-0.8478096672277169,-0.12162648063349657,0.06744270029004351
公司债券,美国,美国 HY 2Y,US HY 2Y,USD,1.38,2.7669366403171525,2.7669366403171525,0.0381837256363767,0.013884991140500619,0.3827898146564257,0.5019651391804381,0.5630410403319797,0.3839776310129439,0.2964824327418514,0.6076710725299694
公司债券,英国,英国 IG 2Y,UK IG 2Y,GBP,1.93,1.5492500193883707,6.815637938448016,0.1315418122120467,0.047833386258926074,3.7266049590883865,-2.0441922272020463,0.46069374193618007,2.3875954960267842,5.00778067896448,-2.669380378945252
公司债券,英国,英国 HY 2Y,UK HY 2Y,GBP,0.82,2.9899740806410335,8.331078571112371,0.06831484428312144,0.024841761557498707,3.7041927827720755,-1.3981316026301593,0.6130374628285695,2.434986778637871,5.212474433525327,-2.2983728591081554
公司债券,日本,日本 IG 2Y,JP IG 2Y,JPY,0.69,2.26095578670078,3.4376167749941233,0.02371955574745945,0.008625292999076163,2.2560417118076437,-1.6249682810287824,1.2661217242093015,-0.5217481896697351,5.2751089718132915,-3.04133636533388
公司债券,日本,日本 IG 5Y,JP IG 5Y,JPY,1.37,1.1079057145291227,2.2712991851561615,0.031116798836639415,0.011315199576959789,2.421888694847385,-1.3063296127144297,0.6771748316865667,-1.84314670603426,5.976317011471166,-3.3924157222082973
公司债券,瑞士,瑞士 HY 2Y,CH HY 2Y,CHF,0.69,1.9165059651470306,7.622885720933059,0.05259791147443811,0.019126513263432038,4.592509317145055,-2.914813009039574,0.3834738626547374,3.5777723123962435,3.8608519666835095,-1.854495658882016
公司债券,欧元区,欧元区 IG 2Y,EU IG 2Y,EUR,2.75,-0.04910281196432997,5.084542362730704,0.13982491497509436,0.05084542362730704,2.815666705108888,-2.9047440058039053,1.577824982856213,1.4772389786462226,4.489761038727713,-2.26722223329201
公司债券,欧元区,欧元区 IG 5Y,EU IG 5Y,EUR,4.12,-2.33585971418786,2.6803338030726653,0.11042975268659382,0.040156273704215935,2.292733352863152,-2.8222058286057283,1.0225973945202638,0.12491894970561024,4.455035922061357,-2.234559649079537
公司债券,欧元区,欧元区 IG 10Y,EU IG 10Y,EUR,1.38,-6.0463307179695835,-1.2207131945250471,-0.016845842084445648,-0.006125760757980236,1.3805801464409129,-2.679963465439672,0.2854973104516212,-2.361746978049617,4.357052955185758,-2.0219228815171575
另类投资,商品指数,商品指数,商品指数,USD,2.75,17.24044407274139,17.24044407274139,0.4741122120003882,0.1724044407274139,9.047201451936647,-1.7521404983815714,3.0946286571761794,18.457773796826093,-1.013361065706564,-9.476018003713316
另类投资,黄金,黄金,黄金,USD,4.5,7.543174071723513,7.543174071723513,0.3394428332275581,0.12343375753729385,6.29645412140416,-3.0507931031247937,0.6806599810262437,11.704978761774898,-1.7511496823040429,-5.556135148964381
另类投资,能源,能源,能源,USD,2.75,26.952014517979595,26.952014517979595,0.7411803992444389,0.26952014517979594,13.427524339228402,-2.5191622289641336,5.404669513099658,23.434897532841603,0.8313419733481098,-12.479753638633206
另类投资,贵金属,贵金属,贵金属,USD,2.75,8.779628382697613,8.779628382697613,0.24143978052418436,0.08779628382697613,7.283575313142121,-3.442482159253013,0.5713031392745371,13.757906864119306,-1.538908574040243,-6.78025212518939
另类投资,白银,白银,白银,USD,2.75,12.146688213188273,12.146688213188273,0.3340339258626775,0.12146688213188273,11.484354443050492,-3.938436121952882,-0.08311628748233213,26.931895208793797,-6.196574441541635,-11.9773308813911
另类投资,CesimCoin,CesimCoin,CesimCoin,USD,1.0,6.9799702114207385,6.9799702114207385,0.06979970211420738,0.025381709859711776,5.273769463246469,0.1052361112104494,0.2502323479947055,10.550964667435391,-2.1567138245416673,-6.384761157407725
另类投资,工业金属,工业金属,工业金属,USD,2.75,-23.868614439632307,-23.868614439632307,-0.6563868970898885,-0.23868614439632307,-6.918195387118741,-11.386561569097598,-14.140193173098503,8.920393616607392,4.3078271926496825,-5.379913074667552
